1,Lani,Rollins,blandit@quam.com,1-633-389-7173,Thu May 10 2012 17:53:40 GMT+0700 (Western Indonesia Time)
2,McKenzie,Burris,mauris.Morbi.non@nequeNullam.com,1-906-235-0832,Sat Jul 06 2013 21:23:09 GMT+0700 (Western Indonesia Time)
3,Amethyst,Morgan,dui@magnis.ca,1-548-366-6273,Sun Jun 17 2012 03:28:33 GMT+0700 (Western Indonesia Time)
4,Lamar,Hardin,pharetra.felis.eget@mattisInteger.com,1-519-693-8091,Mon Dec 02 2013 21:45:30 GMT+0700 (Western Indonesia Time)
5,Keegan,Coleman,leo.Cras.vehicula@musProinvel.edu,1-998-626-8896,Fri Nov 16 2012 07:55:29 GMT+0700 (Western Indonesia Time)
6,Marshall,Griffith,egestas.Aliquam@Proinvelnisl.edu,1-554-353-5053,Sat Sep 15 2012 05:57:44 GMT+0700 (Western Indonesia Time)
7,Jonah,Deleon,Donec.tincidunt.Donec@dolor.org,1-782-671-2356,Sat Dec 14 2013 06:29:38 GMT+0700 (Western Indonesia Time)
8,Jackson,Howell,eleifend@Nuncullamcorpervelit.ca,1-323-738-0807,Mon Feb 04 2013 00:49:27 GMT+0700 (Western Indonesia Time)
9,Kieran,Edwards,a.enim@perinceptoshymenaeos.com,1-695-830-5757,Fri Aug 17 2012 15:23:51 GMT+0700 (Western Indonesia Time)
10,Fiona,Howard,ut.quam@loremfringillaornare.org,1-494-585-2386,Sun Feb 17 2013 19:23:46 GMT+0700 (Western Indonesia Time)
11,Jorden,Ruiz,iaculis.lacus.pede@temporerat.com,1-314-890-5249,Sat Apr 21 2012 15:57:17 GMT+0700 (Western Indonesia Time)
12,Kendall,Burt,eu.eros@eutellus.org,1-141-379-8276,Wed Aug 21 2013 08:03:11 GMT+0700 (Western Indonesia Time)
13,Blossom,Cantrell,Suspendisse.aliquet@estarcu.ca,1-369-893-7454,Thu Apr 18 2013 01:36:58 GMT+0700 (Western Indonesia Time)
14,Latifah,Barron,est@mauris.edu,1-321-158-7603,Thu Nov 15 2012 21:59:23 GMT+0700 (Western Indonesia Time)
15,Brenna,Horton,morbi@AliquamnislNulla.edu,1-564-409-7698,Fri Sep 06 2013 11:28:41 GMT+0700 (Western Indonesia Time)
16,Ray,Alexander,ac@Duis.edu,1-400-270-5855,Fri Jun 28 2013 07:59:41 GMT+0700 (Western Indonesia Time)
17,Tyler,Daniels,ac@morbitristiquesenectus.com,1-192-852-6320,Thu Mar 01 2012 14:34:35 GMT+0700 (Western Indonesia Time)
18,Hanae,Kelly,Mauris.magna@loremfringillaornare.org,1-136-621-1133,Mon Aug 06 2012 20:35:41 GMT+0700 (Western Indonesia Time)
19,Barrett,Chan,sed@mollis.org,1-268-800-8354,Fri Aug 30 2013 05:24:48 GMT+0700 (Western Indonesia Time)
20,Wylie,Holden,et@nibhsit.com,1-174-288-4996,Thu Jun 20 2013 02:55:10 GMT+0700 (Western Indonesia Time)
21,Hedda,Downs,pede.Nunc.sed@Sedauctor.ca,1-349-185-4895,Mon Sep 23 2013 11:20:03 GMT+0700 (Western Indonesia Time)
22,Hope,Hooper,viverra@tristiquealiquet.edu,1-669-268-8015,Tue Nov 27 2012 16:16:10 GMT+0700 (Western Indonesia Time)
23,Avram,Lloyd,Lorem@blanditatnisi.ca,1-834-324-8689,Sun May 06 2012 01:07:33 GMT+0700 (Western Indonesia Time)
24,Emerald,Graham,placerat.velit.Quisque@euismodurnaNullam.com,1-191-903-4185,Mon Jan 14 2013 03:22:46 GMT+0700 (Western Indonesia Time)
25,Bert,Mullen,mauris@velarcu.org,1-869-728-6513,Tue Jun 19 2012 05:32:40 GMT+0700 (Western Indonesia Time)
26,Xerxes,Cohen,quam.vel.sapien@orci.com,1-268-787-2932,Sun Oct 21 2012 21:14:04 GMT+0700 (Western Indonesia Time)
27,Xaviera,Simpson,Fusce.mi.lorem@ligulaAliquam.com,1-463-925-2269,Thu Aug 22 2013 08:18:16 GMT+0700 (Western Indonesia Time)
28,Joy,Wooten,mi.Aliquam@pede.ca,1-814-208-3061,Thu Dec 19 2013 09:38:01 GMT+0700 (Western Indonesia Time)
29,Kane,Good,euismod.in@vitaepurusgravida.com,1-648-965-8144,Mon Sep 30 2013 06:40:34 GMT+0700 (Western Indonesia Time)
30,Blossom,Odom,commodo.at.libero@consectetueripsum.com,1-792-199-1426,Sat Nov 09 2013 22:06:06 GMT+0700 (Western Indonesia Time)
31,Jean,Doe,jeandoe@mail.com,1-666-123-7777,Mon Sep 10 2018 17:49:48 GMT+0700 (Western Indonesia Time)
